{
  "Compatibility": "Compatible",
  "Contributors": {
    "Developer": [ "Shotoff Cool" ],
    "Manual": [ "Timwi" ],
    "Modeling": [ "Crazycaleb" ],
    "Rule seed": [ "Timwi" ],
    "Twitch Plays": [ "Timwi" ]
  },
  "DefuserDifficulty": "Trivial",
  "Description": "Find a 3x3 grid based based on the letters on the module Tags: 9-buttons, 9-letters, lettered-buttons",
  "ExpertDifficulty": "Trivial",
  "ModuleID": "letters",
  "Name": "Letters",
  "Origin": "Mods",
  "Published": "2025-06-26",
  "RuleSeedSupport": "Supported",
  "SortKey": "LETTERS",
  "SourceUrl": "https://github.com/ShotoffCool/ktaneletters",
  "SteamID": "3509088685",
  "Symbol": "Le",
  "Type": "Regular"
}